cik,ticker,accession,form,filing_date,period_of_report,doc_type,exhibit_label,document,doc_url
0001646972,ACI,0001646972-26-000054,8-K,2026-09-09,2026-09-08,primary,,aci-20260908.htm,https://www.sec.gov/Archives/edgar/data/1646972/000164697226000054/aci-20260908.htm
0001646972,ACI,0001646972-26-000054,8-K,2026-09-09,2026-09-08,exhibit,EX-99.1,ex991-pressreleasebod.htm,https://www.sec.gov/Archives/edgar/data/1646972/000164697226000054/ex991-pressreleasebod.htm
0001646972,ACI,0001646972-26-000050,8-K,2026-08-11,2026-08-06,primary,,aci-20260806.htm,https://www.sec.gov/Archives/edgar/data/1646972/000164697226000050/aci-20260806.htm
0001646972,ACI,0001646972-26-000046,10-Q,2026-07-28,2026-06-20,primary,,aci-20260620.htm,https://www.sec.gov/Archives/edgar/data/1646972/000164697226000046/aci-20260620.htm
0001646972,ACI,0001646972-26-000040,8-K,2026-07-23,2026-07-23,primary,,aci-20260723.htm,https://www.sec.gov/Archives/edgar/data/1646972/000164697226000040/aci-20260723.htm
0001646972,ACI,0001646972-26-000040,8-K,2026-07-23,2026-07-23,exhibit,EX-99.1,ex991-pressreleasecfo.htm,https://www.sec.gov/Archives/edgar/data/1646972/000164697226000040/ex991-pressreleasecfo.htm
0001646972,ACI,0001646972-26-000041,8-K,2026-07-23,2026-07-23,primary,,aci-20260723.htm,https://www.sec.gov/Archives/edgar/data/1646972/000164697226000041/aci-20260723.htm
0001646972,ACI,0001646972-26-000041,8-K,2026-07-23,2026-07-23,exhibit,EX-99.1,aciq126earningsrelease.htm,https://www.sec.gov/Archives/edgar/data/1646972/000164697226000041/aciq126earningsrelease.htm
0001646972,ACI,0001646972-26-000028,8-K,2026-04-14,2026-04-14,primary,,aci-20260414.htm,https://www.sec.gov/Archives/edgar/data/1646972/000164697226000028/aci-20260414.htm
0001646972,ACI,0001646972-26-000028,8-K,2026-04-14,2026-04-14,exhibit,EX-99.1,aciq425earningsrelease.htm,https://www.sec.gov/Archives/edgar/data/1646972/000164697226000028/aciq425earningsrelease.htm
0001646972,ACI,0001646972-26-000028,8-K,2026-04-14,2026-04-14,exhibit,EX-99.2,ex992-opioid.htm,https://www.sec.gov/Archives/edgar/data/1646972/000164697226000028/ex992-opioid.htm
0001646972,ACI,0001646972-26-000028,8-K,2026-04-14,2026-04-14,exhibit,EX-99.3,ex993-dividendrelease.htm,https://www.sec.gov/Archives/edgar/data/1646972/000164697226000028/ex993-dividendrelease.htm
0001646972,ACI,0001646972-26-000023,8-K,2026-02-27,2026-02-25,primary,,aci-20260225.htm,https://www.sec.gov/Archives/edgar/data/1646972/000164697226000023/aci-20260225.htm
0001646972,ACI,0001646972-26-000023,8-K,2026-02-27,2026-02-25,exhibit,EX-99.1,ex991-pressreleaseboardfeb.htm,https://www.sec.gov/Archives/edgar/data/1646972/000164697226000023/ex991-pressreleaseboardfeb.htm
0001646972,ACI,0001646972-26-000019,8-K,2026-02-02,2026-02-02,primary,,aci-20260202.htm,https://www.sec.gov/Archives/edgar/data/1646972/000164697226000019/aci-20260202.htm
0001646972,ACI,0001646972-26-000015,8-K,2026-01-22,2026-01-22,primary,,aci-20260122.htm,https://www.sec.gov/Archives/edgar/data/1646972/000164697226000015/aci-20260122.htm
0001646972,ACI,0001646972-26-000015,8-K,2026-01-22,2026-01-22,exhibit,EX-99.1,january2026bondlaunch.htm,https://www.sec.gov/Archives/edgar/data/1646972/000164697226000015/january2026bondlaunch.htm
0001646972,ACI,0001646972-26-000015,8-K,2026-01-22,2026-01-22,exhibit,EX-99.2,january2026bondprice.htm,https://www.sec.gov/Archives/edgar/data/1646972/000164697226000015/january2026bondprice.htm
0001646972,ACI,0001646972-26-000007,8-K,2026-01-07,2026-01-07,primary,,aci-20260107.htm,https://www.sec.gov/Archives/edgar/data/1646972/000164697226000007/aci-20260107.htm
0001646972,ACI,0001646972-26-000007,8-K,2026-01-07,2026-01-07,exhibit,EX-99.1,aciq325earningsrelease.htm,https://www.sec.gov/Archives/edgar/data/1646972/000164697226000007/aciq325earningsrelease.htm
0001646972,ACI,0001646972-26-000010,10-Q,2026-01-07,2025-11-29,primary,,aci-20251129.htm,https://www.sec.gov/Archives/edgar/data/1646972/000164697226000010/aci-20251129.htm
0001646972,ACI,0001646972-25-000108,8-K,2025-11-14,2025-11-12,primary,,aci-20251112.htm,https://www.sec.gov/Archives/edgar/data/1646972/000164697225000108/aci-20251112.htm
0001646972,ACI,0001646972-25-000098,8-K,2025-11-10,2025-11-10,primary,,aci-20251110.htm,https://www.sec.gov/Archives/edgar/data/1646972/000164697225000098/aci-20251110.htm
0001646972,ACI,0001646972-25-000095,8-K,2025-10-21,2025-10-21,primary,,aci-20251021.htm,https://www.sec.gov/Archives/edgar/data/1646972/000164697225000095/aci-20251021.htm
0001646972,ACI,0001646972-25-000095,8-K,2025-10-21,2025-10-21,exhibit,EX-99.1,october2025bondlaunch.htm,https://www.sec.gov/Archives/edgar/data/1646972/000164697225000095/october2025bondlaunch.htm
0001646972,ACI,0001646972-25-000095,8-K,2025-10-21,2025-10-21,exhibit,EX-99.2,october2025bondprice.htm,https://www.sec.gov/Archives/edgar/data/1646972/000164697225000095/october2025bondprice.htm
0001646972,ACI,0001646972-25-000087,8-K,2025-10-15,2025-10-14,primary,,aci-20251014.htm,https://www.sec.gov/Archives/edgar/data/1646972/000164697225000087/aci-20251014.htm
0001646972,ACI,0001646972-25-000087,8-K,2025-10-15,2025-10-14,exhibit,EX-99.1,ex991-asrpressrelease.htm,https://www.sec.gov/Archives/edgar/data/1646972/000164697225000087/ex991-asrpressrelease.htm
0001646972,ACI,0001646972-25-000080,8-K,2025-10-14,2025-10-14,primary,,aci-20251014.htm,https://www.sec.gov/Archives/edgar/data/1646972/000164697225000080/aci-20251014.htm
0001646972,ACI,0001646972-25-000080,8-K,2025-10-14,2025-10-14,exhibit,EX-99.1,aciq225earningsrelease.htm,https://www.sec.gov/Archives/edgar/data/1646972/000164697225000080/aciq225earningsrelease.htm
0001646972,ACI,0001646972-25-000083,10-Q,2025-10-14,2025-09-06,primary,,aci-20250906.htm,https://www.sec.gov/Archives/edgar/data/1646972/000164697225000083/aci-20250906.htm
0001646972,ACI,0001646972-25-000073,8-K,2025-09-17,2025-09-11,primary,,aci-20250911.htm,https://www.sec.gov/Archives/edgar/data/1646972/000164697225000073/aci-20250911.htm
0001646972,ACI,0001646972-25-000073,8-K,2025-09-17,2025-09-11,exhibit,EX-99.1,ex991-pressreleaseboard.htm,https://www.sec.gov/Archives/edgar/data/1646972/000164697225000073/ex991-pressreleaseboard.htm
0001646972,ACI,0000950103-25-010782,8-K,2025-08-27,2025-08-27,primary,,dp233510_8k.htm,https://www.sec.gov/Archives/edgar/data/1646972/000095010325010782/dp233510_8k.htm
0001646972,ACI,0001646972-25-000067,8-K,2025-08-13,2025-08-07,primary,,aci-20250807.htm,https://www.sec.gov/Archives/edgar/data/1646972/000164697225000067/aci-20250807.htm
0001646972,ACI,0001646972-25-000063,10-Q,2025-07-22,2025-06-14,primary,,aci-20250614.htm,https://www.sec.gov/Archives/edgar/data/1646972/000164697225000063/aci-20250614.htm
0001646972,ACI,0001646972-25-000059,8-K,2025-07-15,2025-07-15,primary,,aci-20250715.htm,https://www.sec.gov/Archives/edgar/data/1646972/000164697225000059/aci-20250715.htm
0001646972,ACI,0001646972-25-000059,8-K,2025-07-15,2025-07-15,exhibit,EX-99.1,aciq125earningsrelease.htm,https://www.sec.gov/Archives/edgar/data/1646972/000164697225000059/aciq125earningsrelease.htm
0001646972,ACI,0001646972-25-000040,8-K,2025-04-15,2025-04-15,primary,,aci-20250415.htm,https://www.sec.gov/Archives/edgar/data/1646972/000164697225000040/aci-20250415.htm
0001646972,ACI,0001646972-25-000040,8-K,2025-04-15,2025-04-15,exhibit,EX-99.1,aciq424earningsrelease.htm,https://www.sec.gov/Archives/edgar/data/1646972/000164697225000040/aciq424earningsrelease.htm
0001646972,ACI,0001646972-25-000034,8-K,2025-03-11,2025-03-11,primary,,aci-20250311.htm,https://www.sec.gov/Archives/edgar/data/1646972/000164697225000034/aci-20250311.htm
0001646972,ACI,0001646972-25-000028,8-K,2025-03-03,2025-02-27,primary,,aci-20250227.htm,https://www.sec.gov/Archives/edgar/data/1646972/000164697225000028/aci-20250227.htm
0001646972,ACI,0001646972-25-000028,8-K,2025-03-03,2025-02-27,exhibit,EX-99.1,ex991-pressreleaseceo.htm,https://www.sec.gov/Archives/edgar/data/1646972/000164697225000028/ex991-pressreleaseceo.htm
0001646972,ACI,0001646972-25-000022,8-K,2025-02-21,2025-02-21,primary,,aci-20250221.htm,https://www.sec.gov/Archives/edgar/data/1646972/000164697225000022/aci-20250221.htm
0001646972,ACI,0001646972-25-000016,8-K,2025-02-19,2025-02-19,primary,,aci-20250219.htm,https://www.sec.gov/Archives/edgar/data/1646972/000164697225000016/aci-20250219.htm
0001646972,ACI,0001646972-25-000016,8-K,2025-02-19,2025-02-19,exhibit,EX-99.1,february2025bondlaunch.htm,https://www.sec.gov/Archives/edgar/data/1646972/000164697225000016/february2025bondlaunch.htm
0001646972,ACI,0001646972-25-000016,8-K,2025-02-19,2025-02-19,exhibit,EX-99.2,february2025bondprice.htm,https://www.sec.gov/Archives/edgar/data/1646972/000164697225000016/february2025bondprice.htm
0001646972,ACI,0001646972-25-000011,8-K,2025-02-14,2025-02-14,primary,,aci-20250214.htm,https://www.sec.gov/Archives/edgar/data/1646972/000164697225000011/aci-20250214.htm
0001646972,ACI,0001646972-25-000007,8-K,2025-01-08,2025-01-08,primary,,aci-20250108.htm,https://www.sec.gov/Archives/edgar/data/1646972/000164697225000007/aci-20250108.htm
0001646972,ACI,0001646972-25-000007,8-K,2025-01-08,2025-01-08,exhibit,EX-99.1,aciq324earningsrelease.htm,https://www.sec.gov/Archives/edgar/data/1646972/000164697225000007/aciq324earningsrelease.htm
0001646972,ACI,0001646972-25-000008,10-Q,2025-01-08,2024-11-30,primary,,aci-20241130.htm,https://www.sec.gov/Archives/edgar/data/1646972/000164697225000008/aci-20241130.htm
0001646972,ACI,0001646972-24-000231,8-K,2024-12-11,2024-12-10,primary,,aci-20241210.htm,https://www.sec.gov/Archives/edgar/data/1646972/000164697224000231/aci-20241210.htm
0001646972,ACI,0001646972-24-000229,8-K,2024-10-28,2024-10-22,primary,,aci-20241022.htm,https://www.sec.gov/Archives/edgar/data/1646972/000164697224000229/aci-20241022.htm
0001646972,ACI,0001646972-24-000224,8-K,2024-10-15,2024-10-15,primary,,aci-20241015.htm,https://www.sec.gov/Archives/edgar/data/1646972/000164697224000224/aci-20241015.htm
0001646972,ACI,0001646972-24-000224,8-K,2024-10-15,2024-10-15,exhibit,EX-99.1,aciq224earningsrelease.htm,https://www.sec.gov/Archives/edgar/data/1646972/000164697224000224/aciq224earningsrelease.htm
0001646972,ACI,0001646972-24-000225,10-Q,2024-10-15,2024-09-07,primary,,aci-20240907.htm,https://www.sec.gov/Archives/edgar/data/1646972/000164697224000225/aci-20240907.htm
0001646972,ACI,0001646972-24-000172,8-K,2024-08-13,2024-08-08,primary,,aci-20240808.htm,https://www.sec.gov/Archives/edgar/data/1646972/000164697224000172/aci-20240808.htm
0001646972,ACI,0001646972-24-000164,8-K,2024-07-23,2024-07-23,primary,,aci-20240723.htm,https://www.sec.gov/Archives/edgar/data/1646972/000164697224000164/aci-20240723.htm
0001646972,ACI,0001646972-24-000164,8-K,2024-07-23,2024-07-23,exhibit,EX-99.1,aciq124earningsrelease.htm,https://www.sec.gov/Archives/edgar/data/1646972/000164697224000164/aciq124earningsrelease.htm
0001646972,ACI,0001646972-24-000165,10-Q,2024-07-23,2024-06-15,primary,,aci-20240615.htm,https://www.sec.gov/Archives/edgar/data/1646972/000164697224000165/aci-20240615.htm
0001646972,ACI,0001646972-24-000059,8-K,2024-04-22,2024-04-22,primary,,aci-20240422.htm,https://www.sec.gov/Archives/edgar/data/1646972/000164697224000059/aci-20240422.htm
0001646972,ACI,0001646972-24-000059,8-K,2024-04-22,2024-04-22,exhibit,EX-99.1,aciq423earningsrelease.htm,https://www.sec.gov/Archives/edgar/data/1646972/000164697224000059/aciq423earningsrelease.htm
0001646972,ACI,0001646972-24-000063,8-K,2024-04-22,2024-04-22,primary,,aci-20240422.htm,https://www.sec.gov/Archives/edgar/data/1646972/000164697224000063/aci-20240422.htm
0001646972,ACI,0001646972-24-000063,8-K,2024-04-22,2024-04-22,exhibit,EX-99.1,ex991aprildivestiturerelea.htm,https://www.sec.gov/Archives/edgar/data/1646972/000164697224000063/ex991aprildivestiturerelea.htm
0001646972,ACI,0001646972-24-000006,8-K,2024-01-09,2024-01-09,primary,,aci-20240109.htm,https://www.sec.gov/Archives/edgar/data/1646972/000164697224000006/aci-20240109.htm
0001646972,ACI,0001646972-24-000006,8-K,2024-01-09,2024-01-09,exhibit,EX-99.1,aciq323earningsrelease.htm,https://www.sec.gov/Archives/edgar/data/1646972/000164697224000006/aciq323earningsrelease.htm
0001646972,ACI,0001646972-24-000009,10-Q,2024-01-09,2023-12-02,primary,,aci-20231202.htm,https://www.sec.gov/Archives/edgar/data/1646972/000164697224000009/aci-20231202.htm
0001423689,AGNC,0001423689-26-000135,8-K,2026-09-11,2026-09-11,primary,,agnc-20260911.htm,https://www.sec.gov/Archives/edgar/data/1423689/000142368926000135/agnc-20260911.htm
0001423689,AGNC,0001423689-26-000128,10-Q,2026-07-31,2026-06-30,primary,,agnc-20260630.htm,https://www.sec.gov/Archives/edgar/data/1423689/000142368926000128/agnc-20260630.htm
0001423689,AGNC,0001423689-26-000124,8-K,2026-07-20,2026-07-20,primary,,agnc-20260720.htm,https://www.sec.gov/Archives/edgar/data/1423689/000142368926000124/agnc-20260720.htm
0001423689,AGNC,0001423689-26-000124,8-K,2026-07-20,2026-07-20,exhibit,EX-99.1,agnc8kexhibit99163026.htm,https://www.sec.gov/Archives/edgar/data/1423689/000142368926000124/agnc8kexhibit99163026.htm
0001423689,AGNC,0001423689-26-000121,8-K,2026-05-29,2026-05-28,primary,,agnc-20260528.htm,https://www.sec.gov/Archives/edgar/data/1423689/000142368926000121/agnc-20260528.htm
0001423689,AGNC,0001423689-26-000099,10-Q,2026-05-04,2026-03-31,primary,,agnc-20260331.htm,https://www.sec.gov/Archives/edgar/data/1423689/000142368926000099/agnc-20260331.htm
0001423689,AGNC,0001423689-26-000095,8-K,2026-04-20,2026-04-20,primary,,agnc-20260420.htm,https://www.sec.gov/Archives/edgar/data/1423689/000142368926000095/agnc-20260420.htm
0001423689,AGNC,0001423689-26-000095,8-K,2026-04-20,2026-04-20,exhibit,EX-99.1,agnc8kexhibit99133126.htm,https://www.sec.gov/Archives/edgar/data/1423689/000142368926000095/agnc8kexhibit99133126.htm
0001423689,AGNC,0001423689-26-000083,8-K,2026-04-17,2026-04-17,primary,,agnc-20260417.htm,https://www.sec.gov/Archives/edgar/data/1423689/000142368926000083/agnc-20260417.htm
0001423689,AGNC,0001423689-26-000024,8-K,2026-01-26,2026-01-26,primary,,agnc-20260126.htm,https://www.sec.gov/Archives/edgar/data/1423689/000142368926000024/agnc-20260126.htm
0001423689,AGNC,0001423689-26-000024,8-K,2026-01-26,2026-01-26,exhibit,EX-99.1,agnc8kexhibit991123125.htm,https://www.sec.gov/Archives/edgar/data/1423689/000142368926000024/agnc8kexhibit991123125.htm
0001423689,AGNC,0001423689-26-000007,8-K,2026-01-14,2026-01-14,primary,,agnc-20260114.htm,https://www.sec.gov/Archives/edgar/data/1423689/000142368926000007/agnc-20260114.htm
0001423689,AGNC,0001423689-25-000111,8-K,2025-12-15,2025-12-15,primary,,agnc-20251215.htm,https://www.sec.gov/Archives/edgar/data/1423689/000142368925000111/agnc-20251215.htm
0001423689,AGNC,0001423689-25-000106,10-Q,2025-10-31,2025-09-30,primary,,agnc-20250930.htm,https://www.sec.gov/Archives/edgar/data/1423689/000142368925000106/agnc-20250930.htm
0001423689,AGNC,0001423689-25-000101,8-K,2025-10-20,2025-10-20,primary,,agnc-20251020.htm,https://www.sec.gov/Archives/edgar/data/1423689/000142368925000101/agnc-20251020.htm
0001423689,AGNC,0001423689-25-000101,8-K,2025-10-20,2025-10-20,exhibit,EX-99.1,agnc8kexhibit99193025.htm,https://www.sec.gov/Archives/edgar/data/1423689/000142368925000101/agnc8kexhibit99193025.htm
0001423689,AGNC,0001423689-25-000097,8-K,2025-09-10,2025-09-10,primary,,agnc-20250910.htm,https://www.sec.gov/Archives/edgar/data/1423689/000142368925000097/agnc-20250910.htm
0001423689,AGNC,0001423689-25-000089,8-K,2025-09-05,2025-09-05,primary,,agnc-20250905.htm,https://www.sec.gov/Archives/edgar/data/1423689/000142368925000089/agnc-20250905.htm
0001423689,AGNC,0001423689-25-000073,10-Q,2025-08-01,2025-06-30,primary,,agnc-20250630.htm,https://www.sec.gov/Archives/edgar/data/1423689/000142368925000073/agnc-20250630.htm
0001423689,AGNC,0001423689-25-000061,8-K,2025-07-21,2025-07-21,primary,,agnc-20250721.htm,https://www.sec.gov/Archives/edgar/data/1423689/000142368925000061/agnc-20250721.htm
0001423689,AGNC,0001423689-25-000061,8-K,2025-07-21,2025-07-21,exhibit,EX-99.1,agnc8kexhibit99163025.htm,https://www.sec.gov/Archives/edgar/data/1423689/000142368925000061/agnc8kexhibit99163025.htm
0001423689,AGNC,0001423689-25-000056,10-Q,2025-05-02,2025-03-31,primary,,agnc-20250331.htm,https://www.sec.gov/Archives/edgar/data/1423689/000142368925000056/agnc-20250331.htm
0001423689,AGNC,0001423689-25-000053,8-K,2025-04-24,2025-04-24,primary,,agnc-20250424.htm,https://www.sec.gov/Archives/edgar/data/1423689/000142368925000053/agnc-20250424.htm
0001423689,AGNC,0001423689-25-000043,8-K,2025-04-21,2025-04-21,primary,,agnc-20250421.htm,https://www.sec.gov/Archives/edgar/data/1423689/000142368925000043/agnc-20250421.htm
0001423689,AGNC,0001423689-25-000043,8-K,2025-04-21,2025-04-21,exhibit,EX-99.1,agnc8kexhibit99133125.htm,https://www.sec.gov/Archives/edgar/data/1423689/000142368925000043/agnc8kexhibit99133125.htm
0001423689,AGNC,0001423689-25-000041,8-K,2025-04-18,2025-04-18,primary,,agnc-20250418.htm,https://www.sec.gov/Archives/edgar/data/1423689/000142368925000041/agnc-20250418.htm
0001423689,AGNC,0001423689-25-000037,8-K,2025-04-10,2025-04-10,primary,,agnc-20250410.htm,https://www.sec.gov/Archives/edgar/data/1423689/000142368925000037/agnc-20250410.htm
0001423689,AGNC,0001423689-25-000037,8-K,2025-04-10,2025-04-10,exhibit,EX-99.1,pressrelease41025.htm,https://www.sec.gov/Archives/edgar/data/1423689/000142368925000037/pressrelease41025.htm
0001423689,AGNC,0001423689-25-000035,8-K,2025-03-20,2025-03-20,primary,,agnc-20250320.htm,https://www.sec.gov/Archives/edgar/data/1423689/000142368925000035/agnc-20250320.htm
0001423689,AGNC,0001423689-25-000002,8-K,2025-01-27,2025-01-27,primary,,agnc-20250127.htm,https://www.sec.gov/Archives/edgar/data/1423689/000142368925000002/agnc-20250127.htm
0001423689,AGNC,0001423689-25-000002,8-K,2025-01-27,2025-01-27,exhibit,EX-99.1,agnc8kexhibit991123124.htm,https://www.sec.gov/Archives/edgar/data/1423689/000142368925000002/agnc8kexhibit991123124.htm
0001423689,AGNC,0001423689-24-000076,10-Q,2024-11-01,2024-09-30,primary,,agnc-20240930.htm,https://www.sec.gov/Archives/edgar/data/1423689/000142368924000076/agnc-20240930.htm
0001423689,AGNC,0001423689-24-000073,8-K,2024-10-28,2024-10-25,primary,,agnc-20241025.htm,https://www.sec.gov/Archives/edgar/data/1423689/000142368924000073/agnc-20241025.htm
0001423689,AGNC,0001423689-24-000060,8-K,2024-10-21,2024-10-21,primary,,agnc-20241021.htm,https://www.sec.gov/Archives/edgar/data/1423689/000142368924000060/agnc-20241021.htm
0001423689,AGNC,0001423689-24-000060,8-K,2024-10-21,2024-10-21,exhibit,EX-99.1,agnc8kexhibit99193024.htm,https://www.sec.gov/Archives/edgar/data/1423689/000142368924000060/agnc8kexhibit99193024.htm
0001423689,AGNC,0001423689-24-000058,10-Q,2024-08-05,2024-06-30,primary,,agnc-20240630.htm,https://www.sec.gov/Archives/edgar/data/1423689/000142368924000058/agnc-20240630.htm
0001423689,AGNC,0001423689-24-000056,8-K,2024-07-22,2024-07-22,primary,,agnc-20240722.htm,https://www.sec.gov/Archives/edgar/data/1423689/000142368924000056/agnc-20240722.htm
0001423689,AGNC,0001423689-24-000056,8-K,2024-07-22,2024-07-22,exhibit,EX-99.1,agnc8kexhibit99163024.htm,https://www.sec.gov/Archives/edgar/data/1423689/000142368924000056/agnc8kexhibit99163024.htm
0001423689,AGNC,0001423689-24-000053,8-K,2024-07-19,2024-07-19,primary,,agnc-20240719.htm,https://www.sec.gov/Archives/edgar/data/1423689/000142368924000053/agnc-20240719.htm
0001423689,AGNC,0001423689-24-000049,8-K,2024-05-10,2024-05-09,primary,,agnc-20240509.htm,https://www.sec.gov/Archives/edgar/data/1423689/000142368924000049/agnc-20240509.htm
0001423689,AGNC,0001423689-24-000039,10-Q,2024-05-07,2024-03-31,primary,,agnc-20240331.htm,https://www.sec.gov/Archives/edgar/data/1423689/000142368924000039/agnc-20240331.htm
0001423689,AGNC,0001423689-24-000034,8-K,2024-04-22,2024-04-22,primary,,agnc-20240422.htm,https://www.sec.gov/Archives/edgar/data/1423689/000142368924000034/agnc-20240422.htm
0001423689,AGNC,0001423689-24-000037,8-K,2024-04-22,2024-04-22,primary,,agnc-20240422.htm,https://www.sec.gov/Archives/edgar/data/1423689/000142368924000037/agnc-20240422.htm
0001423689,AGNC,0001423689-24-000037,8-K,2024-04-22,2024-04-22,exhibit,EX-99.1,agnc8kexhibit99133124.htm,https://www.sec.gov/Archives/edgar/data/1423689/000142368924000037/agnc8kexhibit99133124.htm
0001423689,AGNC,0001423689-24-000003,8-K,2024-01-22,2024-01-22,primary,,agnc-20240122.htm,https://www.sec.gov/Archives/edgar/data/1423689/000142368924000003/agnc-20240122.htm
0001423689,AGNC,0001423689-24-000003,8-K,2024-01-22,2024-01-22,exhibit,EX-99.1,agnc8kexhibit991123123.htm,https://www.sec.gov/Archives/edgar/data/1423689/000142368924000003/agnc8kexhibit991123123.htm
0000005272,AIG,0000005272-26-000088,8-K,2026-09-02,2026-09-01,primary,,aig-20260901.htm,https://www.sec.gov/Archives/edgar/data/5272/000000527226000088/aig-20260901.htm
0000005272,AIG,0000005272-26-000088,8-K,2026-09-02,2026-09-01,exhibit,EX-99.1,a991-pz.htm,https://www.sec.gov/Archives/edgar/data/5272/000000527226000088/a991-pz.htm
0000005272,AIG,0000005272-26-000076,10-Q,2026-08-07,2026-06-30,primary,,aig-20260630.htm,https://www.sec.gov/Archives/edgar/data/5272/000000527226000076/aig-20260630.htm
0000005272,AIG,0000005272-26-000072,8-K,2026-08-06,2026-08-06,primary,,aig-20260806.htm,https://www.sec.gov/Archives/edgar/data/5272/000000527226000072/aig-20260806.htm
0000005272,AIG,0000005272-26-000072,8-K,2026-08-06,2026-08-06,exhibit,EX-99.1,q22026earningsrelease.htm,https://www.sec.gov/Archives/edgar/data/5272/000000527226000072/q22026earningsrelease.htm
0000005272,AIG,0000005272-26-000066,8-K,2026-05-14,2026-05-13,primary,,aig-20260513.htm,https://www.sec.gov/Archives/edgar/data/5272/000000527226000066/aig-20260513.htm
0000005272,AIG,0000005272-26-000066,8-K,2026-05-14,2026-05-13,exhibit,EX-99.1,a991-stoddard.htm,https://www.sec.gov/Archives/edgar/data/5272/000000527226000066/a991-stoddard.htm
0000005272,AIG,0000005272-26-000052,10-Q,2026-05-01,2026-03-31,primary,,aig-20260331.htm,https://www.sec.gov/Archives/edgar/data/5272/000000527226000052/aig-20260331.htm
0000005272,AIG,0000005272-26-000048,8-K,2026-04-30,2026-04-30,primary,,aig-20260430.htm,https://www.sec.gov/Archives/edgar/data/5272/000000527226000048/aig-20260430.htm
0000005272,AIG,0000005272-26-000048,8-K,2026-04-30,2026-04-30,exhibit,EX-99.1,q12026earningsrelease.htm,https://www.sec.gov/Archives/edgar/data/5272/000000527226000048/q12026earningsrelease.htm
0000005272,AIG,0000005272-26-000042,8-K,2026-04-27,2026-04-27,primary,,aig-20260427.htm,https://www.sec.gov/Archives/edgar/data/5272/000000527226000042/aig-20260427.htm
0000005272,AIG,0000005272-26-000042,8-K,2026-04-27,2026-04-27,exhibit,EX-99.1,a991-pzandeaprapril.htm,https://www.sec.gov/Archives/edgar/data/5272/000000527226000042/a991-pzandeaprapril.htm
0000005272,AIG,0000005272-26-000032,8-K,2026-03-16,2026-03-10,primary,,aig-20260310.htm,https://www.sec.gov/Archives/edgar/data/5272/000000527226000032/aig-20260310.htm
0000005272,AIG,0000005272-26-000014,8-K,2026-02-10,2026-02-10,primary,,aig-20260210.htm,https://www.sec.gov/Archives/edgar/data/5272/000000527226000014/aig-20260210.htm
0000005272,AIG,0000005272-26-000014,8-K,2026-02-10,2026-02-10,exhibit,EX-99.1,q42025earningsrelease.htm,https://www.sec.gov/Archives/edgar/data/5272/000000527226000014/q42025earningsrelease.htm
0000005272,AIG,0000005272-26-000006,8-K,2026-01-06,2026-01-06,primary,,aig-20260106.htm,https://www.sec.gov/Archives/edgar/data/5272/000000527226000006/aig-20260106.htm
0000005272,AIG,0000005272-26-000006,8-K,2026-01-06,2026-01-06,exhibit,EX-99.1,a991-pzandeapr.htm,https://www.sec.gov/Archives/edgar/data/5272/000000527226000006/a991-pzandeapr.htm
0000005272,AIG,0000005272-25-000172,8-K,2025-12-15,2025-12-10,primary,,aig-20251210.htm,https://www.sec.gov/Archives/edgar/data/5272/000000527225000172/aig-20251210.htm
0000005272,AIG,0000005272-25-000169,8-K,2025-11-21,2025-11-21,primary,,aig-20251121.htm,https://www.sec.gov/Archives/edgar/data/5272/000000527225000169/aig-20251121.htm
0000005272,AIG,0000005272-25-000166,8-K,2025-11-14,2025-11-14,primary,,aig-20251114.htm,https://www.sec.gov/Archives/edgar/data/5272/000000527225000166/aig-20251114.htm
0000005272,AIG,0000005272-25-000160,10-Q,2025-11-05,2025-09-30,primary,,aig-20250930.htm,https://www.sec.gov/Archives/edgar/data/5272/000000527225000160/aig-20250930.htm
0000005272,AIG,0000005272-25-000156,8-K,2025-11-04,2025-11-04,primary,,aig-20251104.htm,https://www.sec.gov/Archives/edgar/data/5272/000000527225000156/aig-20251104.htm
0000005272,AIG,0000005272-25-000156,8-K,2025-11-04,2025-11-04,exhibit,EX-99.1,q32025earningsrelease.htm,https://www.sec.gov/Archives/edgar/data/5272/000000527225000156/q32025earningsrelease.htm
0000005272,AIG,0000005272-25-000142,8-K,2025-10-03,2025-10-01,primary,,aig-20251001.htm,https://www.sec.gov/Archives/edgar/data/5272/000000527225000142/aig-20251001.htm
0000005272,AIG,0000005272-25-000098,8-K,2025-08-18,2025-08-18,primary,,aig-20250818.htm,https://www.sec.gov/Archives/edgar/data/5272/000000527225000098/aig-20250818.htm
0000005272,AIG,0000005272-25-000081,10-Q,2025-08-07,2025-06-30,primary,,aig-20250630.htm,https://www.sec.gov/Archives/edgar/data/5272/000000527225000081/aig-20250630.htm
0000005272,AIG,0000005272-25-000077,8-K,2025-08-06,2025-08-06,primary,,aig-20250806.htm,https://www.sec.gov/Archives/edgar/data/5272/000000527225000077/aig-20250806.htm
0000005272,AIG,0000005272-25-000077,8-K,2025-08-06,2025-08-06,exhibit,EX-99.1,q22025earningsrelease.htm,https://www.sec.gov/Archives/edgar/data/5272/000000527225000077/q22025earningsrelease.htm
0000005272,AIG,0000005272-25-000068,8-K,2025-07-21,2025-07-16,primary,,aig-20250716.htm,https://www.sec.gov/Archives/edgar/data/5272/000000527225000068/aig-20250716.htm
0000005272,AIG,0000005272-25-000068,8-K,2025-07-21,2025-07-16,exhibit,EX-99.1,a991-jnpr.htm,https://www.sec.gov/Archives/edgar/data/5272/000000527225000068/a991-jnpr.htm
0000005272,AIG,0000005272-25-000063,8-K,2025-06-09,2025-06-06,primary,,aig-20250606.htm,https://www.sec.gov/Archives/edgar/data/5272/000000527225000063/aig-20250606.htm
0000005272,AIG,0000005272-25-000063,8-K,2025-06-09,2025-06-06,exhibit,EX-99.1,a991-junepricing.htm,https://www.sec.gov/Archives/edgar/data/5272/000000527225000063/a991-junepricing.htm
0000005272,AIG,0000005272-25-000063,8-K,2025-06-09,2025-06-06,exhibit,EX-99.2,a992-juneresults.htm,https://www.sec.gov/Archives/edgar/data/5272/000000527225000063/a992-juneresults.htm
0000005272,AIG,0000005272-25-000060,8-K,2025-06-02,2025-06-02,primary,,aig-20250602.htm,https://www.sec.gov/Archives/edgar/data/5272/000000527225000060/aig-20250602.htm
0000005272,AIG,0000005272-25-000060,8-K,2025-06-02,2025-06-02,exhibit,EX-99.1,a991juneto.htm,https://www.sec.gov/Archives/edgar/data/5272/000000527225000060/a991juneto.htm
0000005272,AIG,0000005272-25-000057,8-K,2025-05-16,2025-05-14,primary,,aig-20250514.htm,https://www.sec.gov/Archives/edgar/data/5272/000000527225000057/aig-20250514.htm
0000005272,AIG,0000005272-25-000053,8-K,2025-05-15,2025-05-15,primary,,aig-20250515.htm,https://www.sec.gov/Archives/edgar/data/5272/000000527225000053/aig-20250515.htm
0000005272,AIG,0000005272-25-000053,8-K,2025-05-15,2025-05-15,exhibit,EX-99.1,a991-3900notesdue2026redem.htm,https://www.sec.gov/Archives/edgar/data/5272/000000527225000053/a991-3900notesdue2026redem.htm
0000005272,AIG,0001104659-25-045555,8-K,2025-05-07,2025-05-07,primary,,tm2514272d1_8k.htm,https://www.sec.gov/Archives/edgar/data/5272/000110465925045555/tm2514272d1_8k.htm
0000005272,AIG,0000005272-25-000040,10-Q,2025-05-02,2025-03-31,primary,,aig-20250331.htm,https://www.sec.gov/Archives/edgar/data/5272/000000527225000040/aig-20250331.htm
0000005272,AIG,0000005272-25-000036,8-K,2025-05-01,2025-05-01,primary,,aig-20250501.htm,https://www.sec.gov/Archives/edgar/data/5272/000000527225000036/aig-20250501.htm
0000005272,AIG,0000005272-25-000036,8-K,2025-05-01,2025-05-01,exhibit,EX-99.1,q12025earningsrelease.htm,https://www.sec.gov/Archives/edgar/data/5272/000000527225000036/q12025earningsrelease.htm
0000005272,AIG,0000005272-25-000017,8-K,2025-03-31,2025-03-31,primary,,aig-20250331.htm,https://www.sec.gov/Archives/edgar/data/5272/000000527225000017/aig-20250331.htm
0000005272,AIG,0000005272-25-000017,8-K,2025-03-31,2025-03-31,exhibit,EX-99.1,aig_investorxdayx2025.htm,https://www.sec.gov/Archives/edgar/data/5272/000000527225000017/aig_investorxdayx2025.htm
0000005272,AIG,0000005272-25-000014,8-K,2025-02-20,2025-02-19,primary,,aig-20250219.htm,https://www.sec.gov/Archives/edgar/data/5272/000000527225000014/aig-20250219.htm
0000005272,AIG,0000005272-25-000014,8-K,2025-02-20,2025-02-19,exhibit,EX-99.1,a991-jpboardappointment.htm,https://www.sec.gov/Archives/edgar/data/5272/000000527225000014/a991-jpboardappointment.htm
0000005272,AIG,0000005272-25-000004,8-K,2025-02-11,2025-02-11,primary,,aig-20250211.htm,https://www.sec.gov/Archives/edgar/data/5272/000000527225000004/aig-20250211.htm
0000005272,AIG,0000005272-25-000004,8-K,2025-02-11,2025-02-11,exhibit,EX-99.1,q42024earningsrelease.htm,https://www.sec.gov/Archives/edgar/data/5272/000000527225000004/q42024earningsrelease.htm
0000005272,AIG,0000005272-24-000140,8-K,2024-12-13,2024-12-13,primary,,aig-20241213.htm,https://www.sec.gov/Archives/edgar/data/5272/000000527224000140/aig-20241213.htm
0000005272,AIG,0000005272-24-000140,8-K,2024-12-13,2024-12-13,exhibit,EX-99.1,a991-pricing.htm,https://www.sec.gov/Archives/edgar/data/5272/000000527224000140/a991-pricing.htm
0000005272,AIG,0000005272-24-000140,8-K,2024-12-13,2024-12-13,exhibit,EX-99.2,a992-results.htm,https://www.sec.gov/Archives/edgar/data/5272/000000527224000140/a992-results.htm
0000005272,AIG,0000005272-24-000138,8-K,2024-12-06,2024-12-06,primary,,aig-20241206.htm,https://www.sec.gov/Archives/edgar/data/5272/000000527224000138/aig-20241206.htm
0000005272,AIG,0000005272-24-000138,8-K,2024-12-06,2024-12-06,exhibit,EX-99.1,a991decemberto.htm,https://www.sec.gov/Archives/edgar/data/5272/000000527224000138/a991decemberto.htm
0000005272,AIG,0001104659-24-123741,8-K,2024-11-27,2024-11-27,primary,,tm2429645d1_8k.htm,https://www.sec.gov/Archives/edgar/data/5272/000110465924123741/tm2429645d1_8k.htm
0000005272,AIG,0000005272-24-000133,8-K,2024-11-08,2024-11-05,primary,,aig-20241105.htm,https://www.sec.gov/Archives/edgar/data/5272/000000527224000133/aig-20241105.htm
0000005272,AIG,0000005272-24-000133,8-K,2024-11-08,2024-11-05,exhibit,EX-99.1,a991-clboardappointment.htm,https://www.sec.gov/Archives/edgar/data/5272/000000527224000133/a991-clboardappointment.htm
0000005272,AIG,0000005272-24-000126,10-Q,2024-11-07,2024-09-30,primary,,aig-20240930.htm,https://www.sec.gov/Archives/edgar/data/5272/000000527224000126/aig-20240930.htm
0000005272,AIG,0000005272-24-000121,8-K,2024-11-04,2024-11-04,primary,,aig-20241104.htm,https://www.sec.gov/Archives/edgar/data/5272/000000527224000121/aig-20241104.htm
0000005272,AIG,0000005272-24-000121,8-K,2024-11-04,2024-11-04,exhibit,EX-99.1,q32024earningsrelease.htm,https://www.sec.gov/Archives/edgar/data/5272/000000527224000121/q32024earningsrelease.htm
0000005272,AIG,0000005272-24-000116,8-K,2024-10-21,2024-10-21,primary,,aig-20241021.htm,https://www.sec.gov/Archives/edgar/data/5272/000000527224000116/aig-20241021.htm
0000005272,AIG,0000005272-24-000116,8-K,2024-10-21,2024-10-21,exhibit,EX-99.1,a991-zerocouponformosa.htm,https://www.sec.gov/Archives/edgar/data/5272/000000527224000116/a991-zerocouponformosa.htm
0000005272,AIG,0000005272-24-000105,8-K,2024-09-27,2024-09-27,primary,,aig-20240927.htm,https://www.sec.gov/Archives/edgar/data/5272/000000527224000105/aig-20240927.htm
0000005272,AIG,0000005272-24-000101,8-K,2024-09-18,2024-09-18,primary,,aig-20240918.htm,https://www.sec.gov/Archives/edgar/data/5272/000000527224000101/aig-20240918.htm
0000005272,AIG,0000005272-24-000101,8-K,2024-09-18,2024-09-18,exhibit,EX-99.1,a991-cfoupdate.htm,https://www.sec.gov/Archives/edgar/data/5272/000000527224000101/a991-cfoupdate.htm
0000005272,AIG,0000005272-24-000095,8-K,2024-09-03,2024-09-03,primary,,aig-20240903.htm,https://www.sec.gov/Archives/edgar/data/5272/000000527224000095/aig-20240903.htm
0000005272,AIG,0000005272-24-000095,8-K,2024-09-03,2024-09-03,exhibit,EX-99.1,a991-eurhybridnoteredempti.htm,https://www.sec.gov/Archives/edgar/data/5272/000000527224000095/a991-eurhybridnoteredempti.htm
0000005272,AIG,0000005272-24-000079,10-Q,2024-08-01,2024-06-30,primary,,aig-20240630.htm,https://www.sec.gov/Archives/edgar/data/5272/000000527224000079/aig-20240630.htm
0000005272,AIG,0000005272-24-000075,8-K,2024-07-31,2024-07-31,primary,,aig-20240731.htm,https://www.sec.gov/Archives/edgar/data/5272/000000527224000075/aig-20240731.htm
0000005272,AIG,0000005272-24-000075,8-K,2024-07-31,2024-07-31,exhibit,EX-99.1,q22024earningsrelease.htm,https://www.sec.gov/Archives/edgar/data/5272/000000527224000075/q22024earningsrelease.htm
0000005272,AIG,0000005272-24-000068,8-K,2024-06-25,2024-06-24,primary,,aig-20240624.htm,https://www.sec.gov/Archives/edgar/data/5272/000000527224000068/aig-20240624.htm
0000005272,AIG,0000005272-24-000068,8-K,2024-06-25,2024-06-24,exhibit,EX-99.1,aigfinsupprecastcrbgdisc.htm,https://www.sec.gov/Archives/edgar/data/5272/000000527224000068/aigfinsupprecastcrbgdisc.htm
0000005272,AIG,0000005272-24-000063,8-K,2024-06-13,2024-06-09,primary,,aig-20240609.htm,https://www.sec.gov/Archives/edgar/data/5272/000000527224000063/aig-20240609.htm
0000005272,AIG,0000005272-24-000063,8-K,2024-06-13,2024-06-09,exhibit,EX-99.1,exhibit991.htm,https://www.sec.gov/Archives/edgar/data/5272/000000527224000063/exhibit991.htm
0000005272,AIG,0000005272-24-000058,8-K,2024-06-10,2024-06-09,primary,,aig-20240609.htm,https://www.sec.gov/Archives/edgar/data/5272/000000527224000058/aig-20240609.htm
0000005272,AIG,0000005272-24-000058,8-K,2024-06-10,2024-06-09,exhibit,EX-99.1,a991-june10.htm,https://www.sec.gov/Archives/edgar/data/5272/000000527224000058/a991-june10.htm
0000005272,AIG,0000005272-24-000055,8-K,2024-05-17,2024-05-15,primary,,aig-20240515.htm,https://www.sec.gov/Archives/edgar/data/5272/000000527224000055/aig-20240515.htm
0000005272,AIG,0001104659-24-062171,8-K,2024-05-16,2024-05-16,primary,,tm2414457d1_8k.htm,https://www.sec.gov/Archives/edgar/data/5272/000110465924062171/tm2414457d1_8k.htm
0000005272,AIG,0001104659-24-062171,8-K,2024-05-16,2024-05-16,exhibit,EX-99.1,tm2414457d1_ex99-1.htm,https://www.sec.gov/Archives/edgar/data/5272/000110465924062171/tm2414457d1_ex99-1.htm
0000005272,AIG,0001104659-24-062171,8-K,2024-05-16,2024-05-16,exhibit,EX-99.2,tm2414457d1_ex99-2.htm,https://www.sec.gov/Archives/edgar/data/5272/000110465924062171/tm2414457d1_ex99-2.htm
0000005272,AIG,0000005272-24-000051,10-Q,2024-05-02,2024-03-31,primary,,aig-20240331.htm,https://www.sec.gov/Archives/edgar/data/5272/000000527224000051/aig-20240331.htm
0000005272,AIG,0000005272-24-000047,8-K,2024-05-01,2024-05-01,primary,,aig-20240501.htm,https://www.sec.gov/Archives/edgar/data/5272/000000527224000047/aig-20240501.htm
0000005272,AIG,0000005272-24-000047,8-K,2024-05-01,2024-05-01,exhibit,EX-99.1,q12024earningsrelease.htm,https://www.sec.gov/Archives/edgar/data/5272/000000527224000047/q12024earningsrelease.htm
0000005272,AIG,0000005272-24-000040,8-K,2024-04-22,2024-04-22,primary,,aig-20240422.htm,https://www.sec.gov/Archives/edgar/data/5272/000000527224000040/aig-20240422.htm
0000005272,AIG,0000005272-24-000017,8-K,2024-02-13,2024-02-13,primary,,aig-20240213.htm,https://www.sec.gov/Archives/edgar/data/5272/000000527224000017/aig-20240213.htm
0000005272,AIG,0000005272-24-000017,8-K,2024-02-13,2024-02-13,exhibit,EX-99.1,q42023earningsrelease.htm,https://www.sec.gov/Archives/edgar/data/5272/000000527224000017/q42023earningsrelease.htm
0000005272,AIG,0000005272-24-000011,8-K,2024-02-07,2024-02-07,primary,,aig-20240207.htm,https://www.sec.gov/Archives/edgar/data/5272/000000527224000011/aig-20240207.htm
0000005272,AIG,0000005272-24-000011,8-K,2024-02-07,2024-02-07,exhibit,EX-99.1,a991feb7reinglis.htm,https://www.sec.gov/Archives/edgar/data/5272/000000527224000011/a991feb7reinglis.htm
0000005272,AIG,0000005272-24-000007,8-K,2024-02-01,2024-02-01,primary,,aig-20240201.htm,https://www.sec.gov/Archives/edgar/data/5272/000000527224000007/aig-20240201.htm
0000005272,AIG,0000005272-24-000004,8-K,2024-01-31,2024-01-31,primary,,aig-20240131.htm,https://www.sec.gov/Archives/edgar/data/5272/000000527224000004/aig-20240131.htm
0000005272,AIG,0000005272-24-000004,8-K,2024-01-31,2024-01-31,exhibit,EX-99.1,a991preferredstockredempti.htm,https://www.sec.gov/Archives/edgar/data/5272/000000527224000004/a991preferredstockredempti.htm
0000009326,BCPC,0000009326-26-000026,8-K,2026-07-31,2026-07-31,primary,,bcpc-20260731.htm,https://www.sec.gov/Archives/edgar/data/9326/000000932626000026/bcpc-20260731.htm
0000009326,BCPC,0000009326-26-000026,8-K,2026-07-31,2026-07-31,exhibit,EX-99.1,exhibit991-q22026.htm,https://www.sec.gov/Archives/edgar/data/9326/000000932626000026/exhibit991-q22026.htm
0000009326,BCPC,0000009326-26-000028,10-Q,2026-07-31,2026-06-30,primary,,bcpc-20260630.htm,https://www.sec.gov/Archives/edgar/data/9326/000000932626000028/bcpc-20260630.htm
0000009326,BCPC,0001140361-26-029658,8-K,2026-07-27,2026-07-24,primary,,ef20078813_8k.htm,https://www.sec.gov/Archives/edgar/data/9326/000114036126029658/ef20078813_8k.htm
0000009326,BCPC,0001140361-26-025971,8-K,2026-06-22,2026-06-18,primary,,ef20076533_8k.htm,https://www.sec.gov/Archives/edgar/data/9326/000114036126025971/ef20076533_8k.htm
0000009326,BCPC,0000009326-26-000016,8-K,2026-04-30,2026-04-30,primary,,bcpc-20260430.htm,https://www.sec.gov/Archives/edgar/data/9326/000000932626000016/bcpc-20260430.htm
0000009326,BCPC,0000009326-26-000016,8-K,2026-04-30,2026-04-30,exhibit,EX-99.1,exhibit991-q12026.htm,https://www.sec.gov/Archives/edgar/data/9326/000000932626000016/exhibit991-q12026.htm
0000009326,BCPC,0000009326-26-000018,10-Q,2026-04-30,2026-03-31,primary,,bcpc-20260331.htm,https://www.sec.gov/Archives/edgar/data/9326/000000932626000018/bcpc-20260331.htm
0000009326,BCPC,0000009326-26-000004,8-K,2026-02-20,2026-02-20,primary,,bcpc-20260220.htm,https://www.sec.gov/Archives/edgar/data/9326/000000932626000004/bcpc-20260220.htm
0000009326,BCPC,0000009326-26-000004,8-K,2026-02-20,2026-02-20,exhibit,EX-99.1,exhibit991q42025.htm,https://www.sec.gov/Archives/edgar/data/9326/000000932626000004/exhibit991q42025.htm
0000009326,BCPC,0001140361-26-006184,8-K,2026-02-19,2026-02-12,primary,,ef20065786_8k.htm,https://www.sec.gov/Archives/edgar/data/9326/000114036126006184/ef20065786_8k.htm
0000009326,BCPC,0001140361-25-045137,8-K,2025-12-10,2025-12-09,primary,,ef20061036_8k.htm,https://www.sec.gov/Archives/edgar/data/9326/000114036125045137/ef20061036_8k.htm
0000009326,BCPC,0001140361-25-045137,8-K,2025-12-10,2025-12-09,exhibit,EX-99.1,ef20061036_ex99-1.htm,https://www.sec.gov/Archives/edgar/data/9326/000114036125045137/ef20061036_ex99-1.htm
0000009326,BCPC,0000009326-25-000019,8-K,2025-10-21,2025-10-21,primary,,bcpc-20251021.htm,https://www.sec.gov/Archives/edgar/data/9326/000000932625000019/bcpc-20251021.htm
0000009326,BCPC,0000009326-25-000019,8-K,2025-10-21,2025-10-21,exhibit,EX-99.1,exhibit991-q32025.htm,https://www.sec.gov/Archives/edgar/data/9326/000000932625000019/exhibit991-q32025.htm
0000009326,BCPC,0000009326-25-000022,10-Q,2025-10-21,2025-09-30,primary,,bcpc-20250930.htm,https://www.sec.gov/Archives/edgar/data/9326/000000932625000022/bcpc-20250930.htm
0000009326,BCPC,0000009326-25-000012,8-K,2025-07-31,2025-07-31,primary,,bcpc-20250731.htm,https://www.sec.gov/Archives/edgar/data/9326/000000932625000012/bcpc-20250731.htm
0000009326,BCPC,0000009326-25-000012,8-K,2025-07-31,2025-07-31,exhibit,EX-99.1,exhibit991-q22025.htm,https://www.sec.gov/Archives/edgar/data/9326/000000932625000012/exhibit991-q22025.htm
0000009326,BCPC,0000009326-25-000014,10-Q,2025-07-31,2025-06-30,primary,,bcpc-20250630.htm,https://www.sec.gov/Archives/edgar/data/9326/000000932625000014/bcpc-20250630.htm
0000009326,BCPC,0001140361-25-023176,8-K,2025-06-20,2025-06-18,primary,,ef20050822_8k.htm,https://www.sec.gov/Archives/edgar/data/9326/000114036125023176/ef20050822_8k.htm
0000009326,BCPC,0001628280-25-019487,8-K,2025-04-24,2025-04-24,primary,,bcpc-20250424.htm,https://www.sec.gov/Archives/edgar/data/9326/000162828025019487/bcpc-20250424.htm
0000009326,BCPC,0001628280-25-019487,8-K,2025-04-24,2025-04-24,exhibit,EX-99.1,exhibit991-q12025.htm,https://www.sec.gov/Archives/edgar/data/9326/000162828025019487/exhibit991-q12025.htm
0000009326,BCPC,0001628280-25-019593,10-Q,2025-04-24,2025-03-31,primary,,bcpc-20250331.htm,https://www.sec.gov/Archives/edgar/data/9326/000162828025019593/bcpc-20250331.htm
0000009326,BCPC,0001140361-25-006756,8-K,2025-03-03,2025-02-25,primary,,ef20044803_8k.htm,https://www.sec.gov/Archives/edgar/data/9326/000114036125006756/ef20044803_8k.htm
0000009326,BCPC,0001628280-25-006975,8-K,2025-02-21,2025-02-21,primary,,bcpc-20250221.htm,https://www.sec.gov/Archives/edgar/data/9326/000162828025006975/bcpc-20250221.htm
0000009326,BCPC,0001628280-25-006975,8-K,2025-02-21,2025-02-21,exhibit,EX-99.1,exhibit991q42024.htm,https://www.sec.gov/Archives/edgar/data/9326/000162828025006975/exhibit991q42024.htm
0000009326,BCPC,0001140361-25-004806,8-K,2025-02-14,2025-02-12,primary,,ef20043682_8k.htm,https://www.sec.gov/Archives/edgar/data/9326/000114036125004806/ef20043682_8k.htm
0000009326,BCPC,0001140361-24-048915,8-K,2024-12-10,2024-12-09,primary,,ef20039817_8k.htm,https://www.sec.gov/Archives/edgar/data/9326/000114036124048915/ef20039817_8k.htm
0000009326,BCPC,0001140361-24-048915,8-K,2024-12-10,2024-12-09,exhibit,EX-99.1,ef20039817_ex99-1.htm,https://www.sec.gov/Archives/edgar/data/9326/000114036124048915/ef20039817_ex99-1.htm
0000009326,BCPC,0001628280-24-043760,8-K,2024-10-25,2024-10-25,primary,,bcpc-20241025.htm,https://www.sec.gov/Archives/edgar/data/9326/000162828024043760/bcpc-20241025.htm
0000009326,BCPC,0001628280-24-043760,8-K,2024-10-25,2024-10-25,exhibit,EX-99.1,exhibit991-q32024.htm,https://www.sec.gov/Archives/edgar/data/9326/000162828024043760/exhibit991-q32024.htm
0000009326,BCPC,0001628280-24-043795,10-Q,2024-10-25,2024-09-30,primary,,bcpc-20240930.htm,https://www.sec.gov/Archives/edgar/data/9326/000162828024043795/bcpc-20240930.htm
0000009326,BCPC,0001140361-24-043626,8-K,2024-10-17,2024-10-16,primary,,ef20037359_8k.htm,https://www.sec.gov/Archives/edgar/data/9326/000114036124043626/ef20037359_8k.htm
0000009326,BCPC,0001140361-24-041566,8-K,2024-09-20,2024-09-18,primary,,ef20036097_8k.htm,https://www.sec.gov/Archives/edgar/data/9326/000114036124041566/ef20036097_8k.htm
0000009326,BCPC,0001628280-24-033055,8-K,2024-07-26,2024-07-26,primary,,bcpc-20240726.htm,https://www.sec.gov/Archives/edgar/data/9326/000162828024033055/bcpc-20240726.htm
0000009326,BCPC,0001628280-24-033055,8-K,2024-07-26,2024-07-26,exhibit,EX-99.1,exhibit991-q22024.htm,https://www.sec.gov/Archives/edgar/data/9326/000162828024033055/exhibit991-q22024.htm
0000009326,BCPC,0001628280-24-033177,10-Q,2024-07-26,2024-06-30,primary,,bcpc-20240630.htm,https://www.sec.gov/Archives/edgar/data/9326/000162828024033177/bcpc-20240630.htm
0000009326,BCPC,0001140361-24-031096,8-K,2024-06-24,2024-06-20,primary,,ef20031584_8k.htm,https://www.sec.gov/Archives/edgar/data/9326/000114036124031096/ef20031584_8k.htm
0000009326,BCPC,0001628280-24-020128,8-K,2024-05-03,2024-05-03,primary,,bcpc-20240503.htm,https://www.sec.gov/Archives/edgar/data/9326/000162828024020128/bcpc-20240503.htm
0000009326,BCPC,0001628280-24-020128,8-K,2024-05-03,2024-05-03,exhibit,EX-99.1,exhibit991-q12024.htm,https://www.sec.gov/Archives/edgar/data/9326/000162828024020128/exhibit991-q12024.htm
0000009326,BCPC,0001628280-24-020268,10-Q,2024-05-03,2024-03-31,primary,,bcpc-20240331.htm,https://www.sec.gov/Archives/edgar/data/9326/000162828024020268/bcpc-20240331.htm
0000009326,BCPC,0001140361-24-016602,8-K,2024-03-29,2024-03-25,primary,,ef20025497_8k.htm,https://www.sec.gov/Archives/edgar/data/9326/000114036124016602/ef20025497_8k.htm
0000009326,BCPC,0001628280-24-005203,8-K,2024-02-16,2024-02-16,primary,,bcpc-20240216.htm,https://www.sec.gov/Archives/edgar/data/9326/000162828024005203/bcpc-20240216.htm
0000009326,BCPC,0001628280-24-005203,8-K,2024-02-16,2024-02-16,exhibit,EX-99.1,exhibit991q42023.htm,https://www.sec.gov/Archives/edgar/data/9326/000162828024005203/exhibit991q42023.htm
0000773840,HON,0000773840-26-000130,8-K,2026-08-19,2026-08-19,primary,,hon-20260819.htm,https://www.sec.gov/Archives/edgar/data/773840/000077384026000130/hon-20260819.htm
0000773840,HON,0000773840-26-000130,8-K,2026-08-19,2026-08-19,exhibit,EX-99.1,exhibit991-pressrelease.htm,https://www.sec.gov/Archives/edgar/data/773840/000077384026000130/exhibit991-pressrelease.htm
0000773840,HON,0000773840-26-000120,8-K,2026-07-23,2026-07-23,primary,,hon-20260723.htm,https://www.sec.gov/Archives/edgar/data/773840/000077384026000120/hon-20260723.htm
0000773840,HON,0000773840-26-000120,8-K,2026-07-23,2026-07-23,exhibit,EX-99,exhibit99-q22026earningsre.htm,https://www.sec.gov/Archives/edgar/data/773840/000077384026000120/exhibit99-q22026earningsre.htm
0000773840,HON,0000773840-26-000124,10-Q,2026-07-23,2026-06-30,primary,,hon-20260630.htm,https://www.sec.gov/Archives/edgar/data/773840/000077384026000124/hon-20260630.htm
0000773840,HON,0000773840-26-000084,8-K,2026-06-29,2026-06-25,primary,,hon-20260625.htm,https://www.sec.gov/Archives/edgar/data/773840/000077384026000084/hon-20260625.htm
0000773840,HON,0000773840-26-000084,8-K,2026-06-29,2026-06-25,exhibit,EX-99.1,exhibit991-pressrelease629.htm,https://www.sec.gov/Archives/edgar/data/773840/000077384026000084/exhibit991-pressrelease629.htm
0000773840,HON,0000773840-26-000084,8-K,2026-06-29,2026-06-25,exhibit,EX-99.2,exhibit992-junexwintersupp.htm,https://www.sec.gov/Archives/edgar/data/773840/000077384026000084/exhibit992-junexwintersupp.htm
0000773840,HON,0000773840-26-000084,8-K,2026-06-29,2026-06-25,exhibit,EX-99.3,exhibit993unauditedproform.htm,https://www.sec.gov/Archives/edgar/data/773840/000077384026000084/exhibit993unauditedproform.htm
0000773840,HON,0000773840-26-000080,8-K,2026-06-15,2026-06-15,primary,,hon-20260615.htm,https://www.sec.gov/Archives/edgar/data/773840/000077384026000080/hon-20260615.htm
0000773840,HON,0000773840-26-000080,8-K,2026-06-15,2026-06-15,exhibit,EX-99.1,exhibit991-pressrelease615.htm,https://www.sec.gov/Archives/edgar/data/773840/000077384026000080/exhibit991-pressrelease615.htm
0000773840,HON,0000773840-26-000072,8-K,2026-06-05,2026-06-05,primary,,hon-20260605.htm,https://www.sec.gov/Archives/edgar/data/773840/000077384026000072/hon-20260605.htm
0000773840,HON,0000773840-26-000072,8-K,2026-06-05,2026-06-05,exhibit,EX-99.1,exhibit991-pressrelease652.htm,https://www.sec.gov/Archives/edgar/data/773840/000077384026000072/exhibit991-pressrelease652.htm
0000773840,HON,0000773840-26-000068,8-K,2026-06-02,2026-06-01,primary,,hon-20260601.htm,https://www.sec.gov/Archives/edgar/data/773840/000077384026000068/hon-20260601.htm
0000773840,HON,0000773840-26-000068,8-K,2026-06-02,2026-06-01,exhibit,EX-99.1,newdirectorpr.htm,https://www.sec.gov/Archives/edgar/data/773840/000077384026000068/newdirectorpr.htm
0000773840,HON,0001193125-26-242011,8-K,2026-05-27,2026-05-22,primary,,d35048d8k.htm,https://www.sec.gov/Archives/edgar/data/773840/000119312526242011/d35048d8k.htm
0000773840,HON,0000773840-26-000055,8-K,2026-04-23,2026-04-23,primary,,hon-20260423.htm,https://www.sec.gov/Archives/edgar/data/773840/000077384026000055/hon-20260423.htm
0000773840,HON,0000773840-26-000055,8-K,2026-04-23,2026-04-23,exhibit,EX-99,exhibit99-q12026earningsre.htm,https://www.sec.gov/Archives/edgar/data/773840/000077384026000055/exhibit99-q12026earningsre.htm
0000773840,HON,0000773840-26-000057,10-Q,2026-04-23,2026-03-31,primary,,hon-20260331.htm,https://www.sec.gov/Archives/edgar/data/773840/000077384026000057/hon-20260331.htm
0000773840,HON,0000773840-26-000058,8-K,2026-04-23,2026-04-23,primary,,hon-20260423_d2.htm,https://www.sec.gov/Archives/edgar/data/773840/000077384026000058/hon-20260423_d2.htm
0000773840,HON,0000773840-26-000058,8-K,2026-04-23,2026-04-23,exhibit,EX-99.1,hon-20260423.htm,https://www.sec.gov/Archives/edgar/data/773840/000077384026000058/hon-20260423.htm
0000773840,HON,0001193125-26-118101,8-K,2026-03-23,2026-03-20,primary,,d118295d8k.htm,https://www.sec.gov/Archives/edgar/data/773840/000119312526118101/d118295d8k.htm
0000773840,HON,0001193125-26-118101,8-K,2026-03-23,2026-03-20,exhibit,EX-99.1,d118295dex991.htm,https://www.sec.gov/Archives/edgar/data/773840/000119312526118101/d118295dex991.htm
0000773840,HON,0001193125-26-118101,8-K,2026-03-23,2026-03-20,exhibit,EX-99.2,d118295dex992.htm,https://www.sec.gov/Archives/edgar/data/773840/000119312526118101/d118295dex992.htm
0000773840,HON,0001193125-26-108366,8-K,2026-03-16,2026-03-10,primary,,d107386d8k.htm,https://www.sec.gov/Archives/edgar/data/773840/000119312526108366/d107386d8k.htm
0000773840,HON,0001193125-26-108366,8-K,2026-03-16,2026-03-10,exhibit,EX-99.1,d107386dex991.htm,https://www.sec.gov/Archives/edgar/data/773840/000119312526108366/d107386dex991.htm
0000773840,HON,0001193125-26-095179,8-K,2026-03-06,2026-03-06,primary,,d71810d8k.htm,https://www.sec.gov/Archives/edgar/data/773840/000119312526095179/d71810d8k.htm
0000773840,HON,0001193125-26-095179,8-K,2026-03-06,2026-03-06,exhibit,EX-99.1,d71810dex991.htm,https://www.sec.gov/Archives/edgar/data/773840/000119312526095179/d71810dex991.htm
0000773840,HON,0001193125-26-095179,8-K,2026-03-06,2026-03-06,exhibit,EX-99.2,d71810dex992.htm,https://www.sec.gov/Archives/edgar/data/773840/000119312526095179/d71810dex992.htm
0000773840,HON,0001193125-26-095179,8-K,2026-03-06,2026-03-06,exhibit,EX-99.3,d71810dex993.htm,https://www.sec.gov/Archives/edgar/data/773840/000119312526095179/d71810dex993.htm
0000773840,HON,0001193125-26-095179,8-K,2026-03-06,2026-03-06,exhibit,EX-99.4,d71810dex994.htm,https://www.sec.gov/Archives/edgar/data/773840/000119312526095179/d71810dex994.htm
0000773840,HON,0000773840-26-000017,8-K,2026-03-03,2026-03-03,primary,,hon-20260303.htm,https://www.sec.gov/Archives/edgar/data/773840/000077384026000017/hon-20260303.htm
0000773840,HON,0000773840-26-000017,8-K,2026-03-03,2026-03-03,exhibit,EX-99.1,exhibit991-pressrelease332.htm,https://www.sec.gov/Archives/edgar/data/773840/000077384026000017/exhibit991-pressrelease332.htm
0000773840,HON,0000773840-26-000015,8-K,2026-02-17,2026-02-17,primary,,hon-20260217.htm,https://www.sec.gov/Archives/edgar/data/773840/000077384026000015/hon-20260217.htm
0000773840,HON,0000773840-26-000015,8-K,2026-02-17,2026-02-17,exhibit,EX-99.1,exhibit991-pressrelease021.htm,https://www.sec.gov/Archives/edgar/data/773840/000077384026000015/exhibit991-pressrelease021.htm
0000773840,HON,0000773840-26-000006,8-K,2026-01-29,2026-01-29,primary,,hon-20260129.htm,https://www.sec.gov/Archives/edgar/data/773840/000077384026000006/hon-20260129.htm
0000773840,HON,0000773840-26-000006,8-K,2026-01-29,2026-01-29,exhibit,EX-99.1,exhibit991-q42025earningsr.htm,https://www.sec.gov/Archives/edgar/data/773840/000077384026000006/exhibit991-q42025earningsr.htm
0000773840,HON,0000773840-26-000006,8-K,2026-01-29,2026-01-29,exhibit,EX-99.2,exhibit992-q42025summer.htm,https://www.sec.gov/Archives/edgar/data/773840/000077384026000006/exhibit992-q42025summer.htm
0000773840,HON,0000773840-25-000125,8-K,2025-12-22,2025-12-22,primary,,hon-20251222.htm,https://www.sec.gov/Archives/edgar/data/773840/000077384025000125/hon-20251222.htm
0000773840,HON,0000773840-25-000125,8-K,2025-12-22,2025-12-22,exhibit,EX-99.1,exhibit991-decemberxsummer.htm,https://www.sec.gov/Archives/edgar/data/773840/000077384025000125/exhibit991-decemberxsummer.htm
0000773840,HON,0000773840-25-000120,8-K,2025-12-10,2025-12-10,primary,,hon-20251210.htm,https://www.sec.gov/Archives/edgar/data/773840/000077384025000120/hon-20251210.htm
0000773840,HON,0000773840-25-000120,8-K,2025-12-10,2025-12-10,exhibit,EX-99.1,exhibit991-pressrelease121.htm,https://www.sec.gov/Archives/edgar/data/773840/000077384025000120/exhibit991-pressrelease121.htm
0000773840,HON,0000773840-25-000117,8-K,2025-11-03,2025-11-03,primary,,hon-20251103.htm,https://www.sec.gov/Archives/edgar/data/773840/000077384025000117/hon-20251103.htm
0000773840,HON,0000773840-25-000117,8-K,2025-11-03,2025-11-03,exhibit,EX-99.1,exhibit991-pressrelease110.htm,https://www.sec.gov/Archives/edgar/data/773840/000077384025000117/exhibit991-pressrelease110.htm
0000773840,HON,0000773840-25-000109,8-K,2025-10-30,2025-10-30,primary,,hon-20251030.htm,https://www.sec.gov/Archives/edgar/data/773840/000077384025000109/hon-20251030.htm
0000773840,HON,0000773840-25-000109,8-K,2025-10-30,2025-10-30,exhibit,EX-99.1,exhibit991-pressrelease103.htm,https://www.sec.gov/Archives/edgar/data/773840/000077384025000109/exhibit991-pressrelease103.htm
0000773840,HON,0000773840-25-000104,8-K,2025-10-23,2025-10-23,primary,,hon-20251023.htm,https://www.sec.gov/Archives/edgar/data/773840/000077384025000104/hon-20251023.htm
0000773840,HON,0000773840-25-000104,8-K,2025-10-23,2025-10-23,exhibit,EX-99,exhibit99-q32025earningsre.htm,https://www.sec.gov/Archives/edgar/data/773840/000077384025000104/exhibit99-q32025earningsre.htm
0000773840,HON,0000773840-25-000105,10-Q,2025-10-23,2025-09-30,primary,,hon-20250930.htm,https://www.sec.gov/Archives/edgar/data/773840/000077384025000105/hon-20250930.htm
0000773840,HON,0000773840-25-000099,8-K,2025-10-22,2025-10-22,primary,,hon-20251022.htm,https://www.sec.gov/Archives/edgar/data/773840/000077384025000099/hon-20251022.htm
0000773840,HON,0000773840-25-000099,8-K,2025-10-22,2025-10-22,exhibit,EX-99,exhibit99-projectsummerxpr.htm,https://www.sec.gov/Archives/edgar/data/773840/000077384025000099/exhibit99-projectsummerxpr.htm
0000773840,HON,0000773840-25-000096,8-K,2025-10-16,2025-10-15,primary,,hon-20251015.htm,https://www.sec.gov/Archives/edgar/data/773840/000077384025000096/hon-20251015.htm
0000773840,HON,0000773840-25-000096,8-K,2025-10-16,2025-10-15,exhibit,EX-99.1,exhibit991-pressrelease101.htm,https://www.sec.gov/Archives/edgar/data/773840/000077384025000096/exhibit991-pressrelease101.htm
0000773840,HON,0000773840-25-000090,8-K,2025-10-01,2025-09-26,primary,,hon-20250926.htm,https://www.sec.gov/Archives/edgar/data/773840/000077384025000090/hon-20250926.htm
0000773840,HON,0000773840-25-000090,8-K,2025-10-01,2025-09-26,exhibit,EX-99.1,exhibit991-pressrelease101.htm,https://www.sec.gov/Archives/edgar/data/773840/000077384025000090/exhibit991-pressrelease101.htm
0000773840,HON,0000773840-25-000091,8-K,2025-10-01,2025-09-29,primary,,hon-20250929.htm,https://www.sec.gov/Archives/edgar/data/773840/000077384025000091/hon-20250929.htm
0000773840,HON,0000773840-25-000091,8-K,2025-10-01,2025-09-29,exhibit,EX-99.1,exhibit991-pressrelease101.htm,https://www.sec.gov/Archives/edgar/data/773840/000077384025000091/exhibit991-pressrelease101.htm
0000773840,HON,0000773840-25-000074,8-K,2025-08-22,2025-08-22,primary,,hon-20250822.htm,https://www.sec.gov/Archives/edgar/data/773840/000077384025000074/hon-20250822.htm
0000773840,HON,0000773840-25-000071,8-K,2025-08-21,2025-08-21,primary,,hon-20250821.htm,https://www.sec.gov/Archives/edgar/data/773840/000077384025000071/hon-20250821.htm
0000773840,HON,0000773840-25-000071,8-K,2025-08-21,2025-08-21,exhibit,EX-99.1,exhibit991-pressrelease8.htm,https://www.sec.gov/Archives/edgar/data/773840/000077384025000071/exhibit991-pressrelease8.htm
0000773840,HON,0000773840-25-000071,8-K,2025-08-21,2025-08-21,exhibit,EX-99.2,exhibit992-pressrelease821.htm,https://www.sec.gov/Archives/edgar/data/773840/000077384025000071/exhibit992-pressrelease821.htm
0000773840,HON,0000773840-25-000067,8-K,2025-07-30,2025-07-25,primary,,hon-20250725.htm,https://www.sec.gov/Archives/edgar/data/773840/000077384025000067/hon-20250725.htm
0000773840,HON,0000773840-25-000062,8-K,2025-07-24,2025-07-24,primary,,hon-20250724.htm,https://www.sec.gov/Archives/edgar/data/773840/000077384025000062/hon-20250724.htm
0000773840,HON,0000773840-25-000062,8-K,2025-07-24,2025-07-24,exhibit,EX-99,exhibit99-q22025earningsre.htm,https://www.sec.gov/Archives/edgar/data/773840/000077384025000062/exhibit99-q22025earningsre.htm
0000773840,HON,0000773840-25-000064,10-Q,2025-07-24,2025-06-30,primary,,hon-20250630.htm,https://www.sec.gov/Archives/edgar/data/773840/000077384025000064/hon-20250630.htm
0000773840,HON,0000773840-25-000054,8-K,2025-06-24,2025-06-23,primary,,hon-20250623.htm,https://www.sec.gov/Archives/edgar/data/773840/000077384025000054/hon-20250623.htm
0000773840,HON,0000773840-25-000054,8-K,2025-06-24,2025-06-23,exhibit,EX-99.2,exhibit992-amendmentno1tot.htm,https://www.sec.gov/Archives/edgar/data/773840/000077384025000054/exhibit992-amendmentno1tot.htm
0000773840,HON,0001193125-25-128673,8-K,2025-05-28,2025-05-28,primary,,d923884d8k.htm,https://www.sec.gov/Archives/edgar/data/773840/000119312525128673/d923884d8k.htm
0000773840,HON,0001193125-25-128673,8-K,2025-05-28,2025-05-28,exhibit,EX-99.1,d923884dex991.htm,https://www.sec.gov/Archives/edgar/data/773840/000119312525128673/d923884dex991.htm
0000773840,HON,0000773840-25-000043,8-K,2025-05-23,2025-05-20,primary,,hon-20250520.htm,https://www.sec.gov/Archives/edgar/data/773840/000077384025000043/hon-20250520.htm
0000773840,HON,0001193125-25-115181,8-K,2025-05-08,2025-05-07,primary,,d901112d8k.htm,https://www.sec.gov/Archives/edgar/data/773840/000119312525115181/d901112d8k.htm
0000773840,HON,0000773840-25-000035,8-K,2025-04-29,2025-04-29,primary,,hon-20250429.htm,https://www.sec.gov/Archives/edgar/data/773840/000077384025000035/hon-20250429.htm
0000773840,HON,0000773840-25-000035,8-K,2025-04-29,2025-04-29,exhibit,EX-99,exhibit99-q12025earningsre.htm,https://www.sec.gov/Archives/edgar/data/773840/000077384025000035/exhibit99-q12025earningsre.htm
0000773840,HON,0000773840-25-000037,10-Q,2025-04-29,2025-03-31,primary,,hon-20250331.htm,https://www.sec.gov/Archives/edgar/data/773840/000077384025000037/hon-20250331.htm
0000773840,HON,0000773840-25-000025,8-K,2025-04-08,2025-04-07,primary,,hon-20250407.htm,https://www.sec.gov/Archives/edgar/data/773840/000077384025000025/hon-20250407.htm
0000773840,HON,0000773840-25-000025,8-K,2025-04-08,2025-04-07,exhibit,EX-99.1,exhibit991annemaddenofferl.htm,https://www.sec.gov/Archives/edgar/data/773840/000077384025000025/exhibit991annemaddenofferl.htm
0000773840,HON,0000773840-25-000019,8-K,2025-04-01,2025-04-01,primary,,hon-20250401.htm,https://www.sec.gov/Archives/edgar/data/773840/000077384025000019/hon-20250401.htm
0000773840,HON,0000773840-25-000019,8-K,2025-04-01,2025-04-01,exhibit,EX-99.1,exhibit991-pressrelease412.htm,https://www.sec.gov/Archives/edgar/data/773840/000077384025000019/exhibit991-pressrelease412.htm
0000773840,HON,0001193125-25-055636,8-K,2025-03-17,2025-03-17,primary,,d915924d8k.htm,https://www.sec.gov/Archives/edgar/data/773840/000119312525055636/d915924d8k.htm
0000773840,HON,0000773840-25-000014,8-K,2025-02-18,2025-02-14,primary,,hon-20250214.htm,https://www.sec.gov/Archives/edgar/data/773840/000077384025000014/hon-20250214.htm
0000773840,HON,0000773840-25-000005,8-K,2025-02-06,2025-02-06,primary,,hon-20250206.htm,https://www.sec.gov/Archives/edgar/data/773840/000077384025000005/hon-20250206.htm
0000773840,HON,0000773840-25-000005,8-K,2025-02-06,2025-02-06,exhibit,EX-99.1,exhibit991-q42024earningsr.htm,https://www.sec.gov/Archives/edgar/data/773840/000077384025000005/exhibit991-q42024earningsr.htm
0000773840,HON,0000773840-25-000005,8-K,2025-02-06,2025-02-06,exhibit,EX-99.2,exhibit992-winter.htm,https://www.sec.gov/Archives/edgar/data/773840/000077384025000005/exhibit992-winter.htm
0000773840,HON,0000773840-24-000102,8-K,2024-12-02,2024-12-02,primary,,hon-20241202.htm,https://www.sec.gov/Archives/edgar/data/773840/000077384024000102/hon-20241202.htm
0000773840,HON,0000773840-24-000102,8-K,2024-12-02,2024-12-02,exhibit,EX-99,exhibit99-renaissance.htm,https://www.sec.gov/Archives/edgar/data/773840/000077384024000102/exhibit99-renaissance.htm
0000773840,HON,0000773840-24-000097,8-K,2024-10-24,2024-10-24,primary,,hon-20241024.htm,https://www.sec.gov/Archives/edgar/data/773840/000077384024000097/hon-20241024.htm
0000773840,HON,0000773840-24-000097,8-K,2024-10-24,2024-10-24,exhibit,EX-99,exhibit99-q32024earningsre.htm,https://www.sec.gov/Archives/edgar/data/773840/000077384024000097/exhibit99-q32024earningsre.htm
0000773840,HON,0000773840-24-000099,10-Q,2024-10-24,2024-09-30,primary,,hon-20240930.htm,https://www.sec.gov/Archives/edgar/data/773840/000077384024000099/hon-20240930.htm
0000773840,HON,0000773840-24-000091,8-K,2024-10-08,2024-10-08,primary,,hon-20241008.htm,https://www.sec.gov/Archives/edgar/data/773840/000077384024000091/hon-20241008.htm
0000773840,HON,0000773840-24-000091,8-K,2024-10-08,2024-10-08,exhibit,EX-99.1,exhibit991-oct8pressrelease.htm,https://www.sec.gov/Archives/edgar/data/773840/000077384024000091/exhibit991-oct8pressrelease.htm
0000773840,HON,0000773840-24-000086,8-K,2024-09-05,2024-09-05,primary,,hon-20240905.htm,https://www.sec.gov/Archives/edgar/data/773840/000077384024000086/hon-20240905.htm
0000773840,HON,0001193125-24-199003,8-K,2024-08-12,2024-08-12,primary,,d743374d8k.htm,https://www.sec.gov/Archives/edgar/data/773840/000119312524199003/d743374d8k.htm
0000773840,HON,0001193125-24-191800,8-K,2024-08-02,2024-08-01,primary,,d878618d8k.htm,https://www.sec.gov/Archives/edgar/data/773840/000119312524191800/d878618d8k.htm
0000773840,HON,0000773840-24-000081,8-K,2024-07-25,2024-07-25,primary,,hon-20240725.htm,https://www.sec.gov/Archives/edgar/data/773840/000077384024000081/hon-20240725.htm
0000773840,HON,0000773840-24-000081,8-K,2024-07-25,2024-07-25,exhibit,EX-99,exhibit99-q22024earningsre.htm,https://www.sec.gov/Archives/edgar/data/773840/000077384024000081/exhibit99-q22024earningsre.htm
0000773840,HON,0000773840-24-000082,10-Q,2024-07-25,2024-06-30,primary,,hon-20240630.htm,https://www.sec.gov/Archives/edgar/data/773840/000077384024000082/hon-20240630.htm
0000773840,HON,0000773840-24-000075,8-K,2024-07-10,2024-07-10,primary,,hon-20240710.htm,https://www.sec.gov/Archives/edgar/data/773840/000077384024000075/hon-20240710.htm
0000773840,HON,0000773840-24-000075,8-K,2024-07-10,2024-07-10,exhibit,EX-99,exhibit99-segmentprofitand.htm,https://www.sec.gov/Archives/edgar/data/773840/000077384024000075/exhibit99-segmentprofitand.htm
0000773840,HON,0001193125-24-174346,8-K,2024-07-02,2024-07-02,primary,,d447517d8k.htm,https://www.sec.gov/Archives/edgar/data/773840/000119312524174346/d447517d8k.htm
0000773840,HON,0000773840-24-000069,8-K,2024-06-11,2024-06-07,primary,,hon-20240607.htm,https://www.sec.gov/Archives/edgar/data/773840/000077384024000069/hon-20240607.htm
0000773840,HON,0000773840-24-000066,8-K,2024-06-03,2024-06-03,primary,,hon-20240603.htm,https://www.sec.gov/Archives/edgar/data/773840/000077384024000066/hon-20240603.htm
0000773840,HON,0000773840-24-000066,8-K,2024-06-03,2024-06-03,exhibit,EX-99,exhibit99-carrieracquisiti.htm,https://www.sec.gov/Archives/edgar/data/773840/000077384024000066/exhibit99-carrieracquisiti.htm
0000773840,HON,0000773840-24-000058,8-K,2024-05-16,2024-05-14,primary,,hon-20240514.htm,https://www.sec.gov/Archives/edgar/data/773840/000077384024000058/hon-20240514.htm
0000773840,HON,0000773840-24-000045,8-K,2024-04-25,2024-04-25,primary,,hon-20240425.htm,https://www.sec.gov/Archives/edgar/data/773840/000077384024000045/hon-20240425.htm
0000773840,HON,0000773840-24-000045,8-K,2024-04-25,2024-04-25,exhibit,EX-99,exhibit99-q12024earningsre.htm,https://www.sec.gov/Archives/edgar/data/773840/000077384024000045/exhibit99-q12024earningsre.htm
0000773840,HON,0000773840-24-000051,10-Q,2024-04-25,2024-03-31,primary,,hon-20240331.htm,https://www.sec.gov/Archives/edgar/data/773840/000077384024000051/hon-20240331.htm
0000773840,HON,0000773840-24-000054,8-K,2024-04-25,2024-04-25,primary,,hon-20240425_d2.htm,https://www.sec.gov/Archives/edgar/data/773840/000077384024000054/hon-20240425_d2.htm
0000773840,HON,0000773840-24-000054,8-K,2024-04-25,2024-04-25,exhibit,EX-99.1,hon-20240425.htm,https://www.sec.gov/Archives/edgar/data/773840/000077384024000054/hon-20240425.htm
0000773840,HON,0001193125-24-071322,8-K,2024-03-19,2024-03-18,primary,,d785317d8k.htm,https://www.sec.gov/Archives/edgar/data/773840/000119312524071322/d785317d8k.htm
0000773840,HON,0001193125-24-055985,8-K,2024-03-01,2024-03-01,primary,,d788022d8k.htm,https://www.sec.gov/Archives/edgar/data/773840/000119312524055985/d788022d8k.htm
0000773840,HON,0000773840-24-000006,8-K,2024-02-01,2024-01-30,primary,,hon-20240130.htm,https://www.sec.gov/Archives/edgar/data/773840/000077384024000006/hon-20240130.htm
0000773840,HON,0000773840-24-000006,8-K,2024-02-01,2024-01-30,exhibit,EX-99.1,exhibit99-pressrelease2124.htm,https://www.sec.gov/Archives/edgar/data/773840/000077384024000006/exhibit99-pressrelease2124.htm
0000773840,HON,0000773840-24-000007,8-K,2024-02-01,2024-02-01,primary,,hon-20240201.htm,https://www.sec.gov/Archives/edgar/data/773840/000077384024000007/hon-20240201.htm
0000773840,HON,0000773840-24-000007,8-K,2024-02-01,2024-02-01,exhibit,EX-99.2,a992-ex99xq42023earningsre.htm,https://www.sec.gov/Archives/edgar/data/773840/000077384024000007/a992-ex99xq42023earningsre.htm
0000773840,HON,0000773840-24-000007,8-K,2024-02-01,2024-02-01,exhibit,EX-99.3,a993-ex99xq42023earningsre.htm,https://www.sec.gov/Archives/edgar/data/773840/000077384024000007/a993-ex99xq42023earningsre.htm
0000773840,HON,0000773840-24-000007,8-K,2024-02-01,2024-02-01,exhibit,EX-99.1,exhibit99-q42023earningsre.htm,https://www.sec.gov/Archives/edgar/data/773840/000077384024000007/exhibit99-q42023earningsre.htm
